,arrival_time,departure_time,required_energy
0,0.9,5.0,37.4
1,0.2,1.0,6.6
2,0.4,1.3,7.699999999999999
3,0.8,5.2,31.9
4,1.0,5.9,31.9
5,0.8,5.4,41.8
6,0.0,3.4,22.0
7,0.4,5.6,47.3
8,1.1,2.5,12.100000000000001
9,1.2,4.3,28.6
