,arrival_time,departure_time,required_energy
0,3.4,10.6,52.8
1,2.4,7.7,48.400000000000006
2,0.7,6.9,48.400000000000006
3,3.1,6.7,36.3
4,3.0,6.1,18.7
5,2.2,8.9,52.8
6,1.8,7.3,42.9
7,0.5,4.0,31.9
8,2.0,5.6,30.799999999999997
9,1.2,4.6,26.4
10,2.6,3.9,12.100000000000001
11,1.6,7.2,56.099999999999994
12,3.6,7.2,26.4
13,3.7,6.6,23.1
14,0.6,3.5,28.6
15,1.1,6.9,39.6
16,2.8,5.8,27.5
17,3.9,8.2,27.5
18,2.7,11.0,64.9
19,1.6,5.9,29.700000000000003
