,arrival_time,departure_time,required_energy
0,0.4,5.1,39.6
1,1.8,8.9,64.9
2,1.0,7.3,62.7
3,3.0,9.1,56.099999999999994
4,1.2,6.5,48.400000000000006
5,2.5,4.7,13.2
6,2.2,3.3,8.8
7,0.2,2.2,16.5
8,3.5,8.1,46.2
9,0.9,7.7,62.7
10,1.3,3.1,15.399999999999999
11,1.4,7.6,48.400000000000006
12,2.8,6.2,30.799999999999997
13,2.8,7.5,42.9
14,1.0,4.7,24.200000000000003
15,3.3,8.0,42.9
16,3.5,5.9,22.0
17,2.2,7.4,38.5
18,3.3,9.7,53.900000000000006
19,3.1,10.4,57.2
