,arrival_time,departure_time,required_energy
0,0.1,3.3,25.299999999999997
1,1.1,7.1,55.0
2,1.5,6.1,34.1
3,1.4,6.8,49.5
4,2.0,7.8,58.3
5,0.5,8.8,64.9
6,0.6,6.0,53.900000000000006
7,0.3,3.0,27.5
8,1.5,3.1,14.3
9,0.6,3.2,17.6
