,arrival_time,departure_time,required_energy
0,0.4,6.3,40.7
1,0.5,3.6,18.7
2,3.7,5.2,9.9
3,3.6,9.4,58.3
4,3.2,5.7,25.299999999999997
5,3.6,9.7,56.099999999999994
6,1.7,4.6,23.1
7,3.6,9.2,51.7
8,3.8,7.6,38.5
9,0.2,5.4,51.7
10,3.7,6.9,29.700000000000003
11,3.1,7.7,31.9
12,1.4,6.5,50.599999999999994
13,0.5,6.6,56.099999999999994
14,2.0,3.4,9.9
15,1.2,4.2,25.299999999999997
16,2.9,10.0,51.7
17,0.4,4.9,30.799999999999997
18,0.9,6.4,46.2
19,3.5,5.3,17.6
