,arrival_time,departure_time,required_energy
0,3.6,5.1,15.399999999999999
1,1.0,1.9,8.8
2,1.7,8.6,50.599999999999994
3,0.5,6.9,63.8
4,0.5,6.8,62.7
5,1.9,8.4,64.9
6,0.6,6.8,61.599999999999994
7,0.4,1.6,11.0
8,1.2,4.6,34.1
9,1.6,7.1,50.599999999999994
10,3.0,9.6,56.099999999999994
11,2.1,4.8,17.6
12,2.5,5.7,31.9
13,1.4,7.9,55.0
14,1.4,2.5,6.6
15,0.0,5.2,40.7
16,2.9,5.4,23.1
17,2.3,7.8,40.7
18,1.5,8.4,53.900000000000006
19,3.0,5.2,15.399999999999999
