,arrival_time,departure_time,required_energy
0,3.0,9.1,41.8
1,1.9,9.7,61.599999999999994
2,2.7,8.9,48.400000000000006
3,1.3,7.7,53.900000000000006
4,3.1,11.5,66.0
5,0.7,6.7,44.0
6,3.2,6.7,24.200000000000003
7,1.3,3.8,25.299999999999997
8,1.1,2.8,9.9
9,2.8,10.3,55.0
10,2.4,6.2,35.2
11,2.3,9.4,60.5
12,3.1,7.2,37.4
13,3.6,8.6,34.1
14,3.0,5.0,12.100000000000001
15,0.9,3.9,22.0
16,0.8,7.0,57.2
17,2.1,6.9,35.2
18,2.9,8.3,49.5
19,3.9,8.2,42.9
