,arrival_time,departure_time,required_energy
0,1.9,3.9,12.100000000000001
1,0.3,1.1,7.699999999999999
2,1.3,8.0,49.5
3,0.8,6.7,53.900000000000006
4,0.5,7.3,62.7
5,0.3,7.8,63.8
6,1.3,4.1,22.0
7,0.9,8.6,60.5
8,0.4,5.5,42.9
9,0.6,1.9,12.100000000000001
