,arrival_time,departure_time,required_energy
0,1.3,6.5,51.7
1,0.6,1.6,8.8
2,2.4,8.6,48.400000000000006
3,0.8,7.3,59.400000000000006
4,0.5,3.3,25.299999999999997
5,2.6,10.0,58.3
6,3.5,4.9,13.2
7,0.2,3.3,30.799999999999997
8,0.2,2.6,24.200000000000003
9,1.3,5.7,28.6
10,3.4,4.5,8.8
11,3.7,9.0,36.3
12,2.7,4.3,9.9
13,2.3,3.6,13.2
14,1.3,2.2,6.6
15,3.5,5.9,18.7
16,2.7,8.8,56.099999999999994
17,2.7,10.0,53.900000000000006
18,3.9,10.1,57.2
19,2.0,8.9,50.599999999999994
