,arrival_time,departure_time,required_energy
0,0.4,1.4,7.699999999999999
1,1.0,4.6,33.0
2,1.7,3.4,14.3
3,0.1,4.6,30.799999999999997
4,0.0,6.1,45.099999999999994
5,1.0,7.4,58.3
6,0.0,4.1,26.4
7,1.3,8.2,50.599999999999994
8,1.4,7.2,49.5
9,1.8,5.3,31.9
