,arrival_time,departure_time,required_energy
0,3.8,10.7,58.3
1,0.1,1.2,7.699999999999999
2,0.6,2.8,19.8
3,1.6,6.5,45.099999999999994
4,2.8,8.5,41.8
5,2.7,5.1,16.5
6,3.9,11.2,57.2
7,1.2,7.6,50.599999999999994
8,1.1,2.6,8.8
9,0.6,3.3,23.1
10,0.2,2.4,16.5
11,1.2,5.6,28.6
12,2.6,6.1,27.5
13,3.1,9.3,61.599999999999994
14,1.1,2.7,14.3
15,1.3,3.5,13.2
16,1.8,5.7,30.799999999999997
17,1.0,7.1,56.099999999999994
18,0.1,7.4,57.2
19,2.7,7.0,27.5
