,arrival_time,departure_time,required_energy
0,0.1,5.9,58.3
1,3.2,5.1,13.2
2,2.0,4.1,16.5
3,1.2,9.2,62.7
4,3.4,4.8,9.9
5,1.4,8.2,62.7
6,2.8,9.7,53.900000000000006
7,2.0,8.2,61.599999999999994
8,2.1,6.0,30.799999999999997
9,0.7,6.5,39.6
10,3.7,7.6,25.299999999999997
11,0.5,8.3,66.0
12,1.9,5.3,23.1
13,1.0,2.2,12.100000000000001
14,3.1,7.2,37.4
15,1.5,4.9,20.9
16,2.1,5.0,20.9
17,2.0,6.7,42.9
18,3.4,4.9,12.100000000000001
19,2.0,5.8,26.4
